{
  "dataset": {
    "name": "Iris",
    "train_examples": 120,
    "test_examples": 30,
    "class_names": [
      "setosa",
      "versicolor",
      "virginica"
    ]
  },
  "config": {
    "seed": 42,
    "epochs": 250,
    "learning_rate": 0.01,
    "test_size": 0.2,
    "hidden_features": [
      16,
      8
    ]
  },
  "model": {
    "name": "IrisMLP",
    "parameters": 243
  },
  "test": {
    "loss": 0.14444947242736816,
    "accuracy": 0.9333333373069763,
    "confusion_matrix": [
      [
        10,
        0,
        0
      ],
      [
        0,
        9,
        1
      ],
      [
        0,
        1,
        9
      ]
    ]
  },
  "train_loss": [
    1.0959773063659668,
    1.0727827548980713,
    1.0502922534942627,
    1.0260155200958252,
    0.9993672966957092,
    0.9705827832221985,
    0.9395828247070312,
    0.9068366885185242,
    0.8719756007194519,
    0.8347010016441345,
    0.7953565716743469,
    0.7545666098594666,
    0.7128648161888123,
    0.6707409024238586,
    0.6288370490074158,
    0.5878145694732666,
    0.5481484532356262,
    0.5103615522384644,
    0.4747055172920227,
    0.44138669967651367,
    0.4104621708393097,
    0.38209161162376404,
    0.35667699575424194,
    0.33426734805107117,
    0.31454092264175415,
    0.2972864806652069,
    0.281982958316803,
    0.26788321137428284,
    0.2546542286872864,
    0.24211612343788147,
    0.23035971820354462,
    0.21962323784828186,
    0.2098567932844162,
    0.2005951702594757,
    0.19141292572021484,
    0.1820937544107437,
    0.17291083931922913,
    0.16406850516796112,
    0.15564997494220734,
    0.14753590524196625,
    0.1395605355501175,
    0.13173942267894745,
    0.12427929788827896,
    0.11732757836580276,
    0.1109156385064125,
    0.1049218624830246,
    0.09927144646644592,
    0.09402947127819061,
    0.08930347114801407,
    0.08508531749248505,
    0.08125407993793488,
    0.07767185568809509,
    0.07437115162611008,
    0.07139077037572861,
    0.06864409148693085,
    0.06608079373836517,
    0.0636809691786766,
    0.061464421451091766,
    0.05945340916514397,
    0.05765534192323685,
    0.05606701597571373,
    0.0546366423368454,
    0.053339410573244095,
    0.05217105522751808,
    0.05111752450466156,
    0.050139669328927994,
    0.04920434206724167,
    0.04829870164394379,
    0.04742822423577309,
    0.046589624136686325,
    0.04577701538801193,
    0.04499184712767601,
    0.04423724487423897,
    0.043523237109184265,
    0.0428585521876812,
    0.04224564507603645,
    0.04167989268898964,
    0.041157644242048264,
    0.040677789598703384,
    0.0402374230325222,
    0.03982485085725784,
    0.039436087012290955,
    0.03907281532883644,
    0.038730375468730927,
    0.0384075827896595,
    0.03810407593846321,
    0.03781552240252495,
    0.03754175454378128,
    0.03728395700454712,
    0.03704208880662918,
    0.03682528808712959,
    0.036629095673561096,
    0.03643059730529785,
    0.03623398765921593,
    0.0360645055770874,
    0.03589306399226189,
    0.035725198686122894,
    0.035571448504924774,
    0.03544940799474716,
    0.03531787544488907,
    0.03517596423625946,
    0.03503682091832161,
    0.03490196913480759,
    0.034773390740156174,
    0.03464772179722786,
    0.034526776522397995,
    0.03441977500915527,
    0.03431876003742218,
    0.03420950472354889,
    0.03411071375012398,
    0.034017112106084824,
    0.03392224758863449,
    0.03382581099867821,
    0.03373317793011665,
    0.03364690765738487,
    0.033559154719114304,
    0.0334739163517952,
    0.033391814678907394,
    0.03331264480948448,
    0.033235639333724976,
    0.03316095843911171,
    0.03308435156941414,
    0.03301173821091652,
    0.03293933346867561,
    0.0328686386346817,
    0.03280283138155937,
    0.03273091837763786,
    0.032662391662597656,
    0.03259538114070892,
    0.03252853825688362,
    0.032461151480674744,
    0.03239435330033302,
    0.032332438975572586,
    0.03226783126592636,
    0.032206278294324875,
    0.032144688069820404,
    0.032083187252283096,
    0.03202133998274803,
    0.031961310654878616,
    0.031901631504297256,
    0.031843580305576324,
    0.03178413212299347,
    0.031726155430078506,
    0.03166744485497475,
    0.03160908445715904,
    0.03155108913779259,
    0.03149331733584404,
    0.031438905745744705,
    0.03138187155127525,
    0.03132636100053787,
    0.03127310052514076,
    0.03121812269091606,
    0.03116876631975174,
    0.031115299090743065,
    0.031061764806509018,
    0.03101187013089657,
    0.03096083737909794,
    0.03090713359415531,
    0.030856136232614517,
    0.03080686368048191,
    0.03075724095106125,
    0.030706236138939857,
    0.030653979629278183,
    0.03060290217399597,
    0.030553847551345825,
    0.030504586175084114,
    0.03045489825308323,
    0.03040369227528572,
    0.0303594172000885,
    0.030312517657876015,
    0.030261555686593056,
    0.0302115548402071,
    0.03016507253050804,
    0.030119722709059715,
    0.030070632696151733,
    0.030025029554963112,
    0.029984362423419952,
    0.029942555353045464,
    0.029903102666139603,
    0.02986731193959713,
    0.029823878780007362,
    0.029786694794893265,
    0.029747510328888893,
    0.029704220592975616,
    0.02967078797519207,
    0.029631493613123894,
    0.029591549187898636,
    0.02956053800880909,
    0.02952546253800392,
    0.029487749561667442,
    0.02945300005376339,
    0.029423130676150322,
    0.029391296207904816,
    0.029356149956583977,
    0.029318416491150856,
    0.029285619035363197,
    0.02925346978008747,
    0.02922235243022442,
    0.029190300032496452,
    0.029156621545553207,
    0.02912377193570137,
    0.02909223921597004,
    0.029063623398542404,
    0.029034646227955818,
    0.029003651812672615,
    0.02897346206009388,
    0.028944512829184532,
    0.028916336596012115,
    0.02889145538210869,
    0.02886055037379265,
    0.028832441195845604,
    0.028804928064346313,
    0.028776539489626884,
    0.028752081096172333,
    0.028724905103445053,
    0.02869764342904091,
    0.02867179550230503,
    0.02864493988454342,
    0.028622468933463097,
    0.02859462983906269,
    0.028569795191287994,
    0.028545234352350235,
    0.028519516810774803,
    0.02849453315138817,
    0.028469420969486237,
    0.028443610295653343,
    0.028422119095921516,
    0.028395621106028557,
    0.02837299555540085,
    0.028349073603749275,
    0.028325378894805908,
    0.028303109109401703,
    0.028278013691306114,
    0.028255421668291092,
    0.028233133256435394,
    0.028208648785948753,
    0.02818714641034603,
    0.028163718059659004,
    0.028142709285020828,
    0.02811930514872074,
    0.02809843234717846,
    0.028075994923710823,
    0.028053853660821915,
    0.028033340349793434,
    0.028010619804263115,
    0.027991171926259995,
    0.0279697272926569,
    0.027949994429945946,
    0.027929849922657013,
    0.02790946513414383
  ]
}
